feature,importance,abs_importance
progressed_ever,0.5254909500663443,0.5254909500663443
de_stag_7thed,0.40072781381384304,0.40072781381384304
treat_2,-0.2883971344923337,0.2883971344923337
clinical_n_7thed,0.27976964648088315,0.27976964648088315
progsite_brain_ever,0.2726783278432585,0.2726783278432585
progsite_pleura_ever,0.19202623571985158,0.19202623571985158
enc_934,-0.15041419255568628,0.15041419255568628
wrkweld,0.10813183730301511,0.10813183730301511
diaghear,0.09563500049404107,0.09563500049404107
treat_1,0.09419794778783715,0.09419794778783715
clinical_t_7thed,0.07948927089706785,0.07948927089706785
progsite_mediastinum_ever,0.07024691978247098,0.07024691978247098
treatnum_102,0.06998135950132023,0.06998135950132023
comp_code_5,0.06483911042867323,0.06483911042867323
comp_code_1,0.06450219480810822,0.06450219480810822
wrkpain,0.06236785592523984,0.06236785592523984
locrup,0.06024509762031575,0.06024509762031575
lc_morph_8070,0.05122375506931211,0.05122375506931211
enc_919,-0.051057947670337,0.051057947670337
progsite_liver_ever,0.04643994068096393,0.04643994068096393
treatnum_206,-0.04016201210464714,0.04016201210464714
enc_621,-0.039655890124530385,0.039655890124530385
comp_code_23,-0.032740784551050506,0.032740784551050506
lesionsize,0.03240998845150175,0.03240998845150175
diagstro,0.03037966525815289,0.03037966525815289
enc_938,-0.026313166683698715,0.026313166683698715
enc_523,-0.02570266864695516,0.02570266864695516
loclhil,-0.024554927145886887,0.024554927145886887
de_type_8070.0,0.016546501576800085,0.016546501576800085
cigsmok,0.016164631475263334,0.016164631475263334
enc_569,0.015574536993123065,0.015574536993123065
de_type_8250.0,-0.015363547894989739,0.015363547894989739
loclup,-0.013932585079771184,0.013932585079771184
enc_313,-0.01041823664647224,0.01041823664647224
locoth,-0.005982041356072854,0.005982041356072854
comp_code_34,0.00550488738360876,0.00550488738360876
comp_code_25,0.004977123726966024,0.004977123726966024
loclmsb,-0.0017352454390331645,0.0017352454390331645
enc_609,0.0,0.0
enc_617,0.0,0.0
enc_573,0.0,0.0
enc_574,0.0,0.0
enc_616,0.0,0.0
enc_615,0.0,0.0
enc_614,0.0,0.0
enc_613,0.0,0.0
enc_612,0.0,0.0
enc_611,0.0,0.0
enc_610,0.0,0.0
enc_575,0.0,0.0
enc_618,0.0,0.0
enc_561,0.0,0.0
enc_627,0.0,0.0
enc_563,0.0,0.0
enc_626,0.0,0.0
enc_625,0.0,0.0
enc_624,0.0,0.0
enc_564,0.0,0.0
enc_623,0.0,0.0
enc_572,0.0,0.0
enc_622,0.0,0.0
enc_566,0.0,0.0
enc_567,0.0,0.0
enc_568,0.0,0.0
enc_620,0.0,0.0
enc_619,0.0,0.0
enc_570,0.0,0.0
enc_571,0.0,0.0
enc_565,0.0,0.0
enc_588,0.0,0.0
enc_587,0.0,0.0
enc_589,0.0,0.0
enc_590,0.0,0.0
enc_591,0.0,0.0
enc_592,0.0,0.0
enc_593,0.0,0.0
enc_594,0.0,0.0
enc_586,0.0,0.0
enc_585,0.0,0.0
enc_584,0.0,0.0
enc_595,0.0,0.0
enc_583,0.0,0.0
enc_582,0.0,0.0
enc_596,0.0,0.0
enc_607,0.0,0.0
enc_608,0.0,0.0
enc_606,0.0,0.0
enc_605,0.0,0.0
enc_604,0.0,0.0
enc_603,0.0,0.0
enc_576,0.0,0.0
enc_602,0.0,0.0
enc_597,0.0,0.0
enc_601,0.0,0.0
enc_578,0.0,0.0
enc_579,0.0,0.0
enc_600,0.0,0.0
enc_599,0.0,0.0
enc_580,0.0,0.0
enc_598,0.0,0.0
enc_581,0.0,0.0
enc_577,0.0,0.0
enc_688,0.0,0.0
enc_687,0.0,0.0
enc_686,0.0,0.0
enc_685,0.0,0.0
enc_684,0.0,0.0
enc_683,0.0,0.0
enc_682,0.0,0.0
enc_681,0.0,0.0
enc_680,0.0,0.0
enc_562,0.0,0.0
enc_678,0.0,0.0
enc_677,0.0,0.0
enc_676,0.0,0.0
enc_675,0.0,0.0
enc_674,0.0,0.0
enc_673,0.0,0.0
enc_672,0.0,0.0
enc_671,0.0,0.0
enc_670,0.0,0.0
enc_679,0.0,0.0
enc_709,0.0,0.0
enc_708,0.0,0.0
enc_707,0.0,0.0
enc_706,0.0,0.0
enc_705,0.0,0.0
enc_704,0.0,0.0
enc_703,0.0,0.0
enc_702,0.0,0.0
enc_701,0.0,0.0
enc_689,0.0,0.0
enc_699,0.0,0.0
enc_698,0.0,0.0
enc_697,0.0,0.0
enc_696,0.0,0.0
enc_695,0.0,0.0
enc_694,0.0,0.0
enc_693,0.0,0.0
enc_692,0.0,0.0
enc_691,0.0,0.0
enc_690,0.0,0.0
enc_700,0.0,0.0
enc_647,0.0,0.0
enc_646,0.0,0.0
enc_645,0.0,0.0
enc_644,0.0,0.0
enc_643,0.0,0.0
enc_642,0.0,0.0
enc_641,0.0,0.0
enc_640,0.0,0.0
enc_639,0.0,0.0
enc_669,0.0,0.0
enc_637,0.0,0.0
enc_636,0.0,0.0
enc_635,0.0,0.0
enc_634,0.0,0.0
enc_633,0.0,0.0
enc_632,0.0,0.0
enc_631,0.0,0.0
enc_630,0.0,0.0
enc_629,0.0,0.0
enc_628,0.0,0.0
enc_638,0.0,0.0
enc_668,0.0,0.0
enc_667,0.0,0.0
enc_666,0.0,0.0
enc_665,0.0,0.0
enc_664,0.0,0.0
enc_663,0.0,0.0
enc_662,0.0,0.0
enc_661,0.0,0.0
enc_660,0.0,0.0
enc_648,0.0,0.0
enc_658,0.0,0.0
enc_657,0.0,0.0
enc_656,0.0,0.0
enc_655,0.0,0.0
enc_654,0.0,0.0
enc_653,0.0,0.0
enc_652,0.0,0.0
enc_651,0.0,0.0
enc_650,0.0,0.0
enc_649,0.0,0.0
enc_659,0.0,0.0
enc_464,0.0,0.0
enc_463,0.0,0.0
enc_462,0.0,0.0
enc_461,0.0,0.0
enc_460,0.0,0.0
enc_459,0.0,0.0
enc_458,0.0,0.0
enc_457,0.0,0.0
enc_547,0.0,0.0
enc_455,0.0,0.0
enc_454,0.0,0.0
enc_453,0.0,0.0
enc_452,0.0,0.0
enc_451,0.0,0.0
enc_450,0.0,0.0
enc_449,0.0,0.0
enc_448,0.0,0.0
enc_447,0.0,0.0
enc_456,0.0,0.0
enc_483,0.0,0.0
enc_482,0.0,0.0
enc_481,0.0,0.0
enc_480,0.0,0.0
enc_479,0.0,0.0
enc_478,0.0,0.0
enc_477,0.0,0.0
enc_476,0.0,0.0
enc_465,0.0,0.0
enc_474,0.0,0.0
enc_473,0.0,0.0
enc_472,0.0,0.0
enc_471,0.0,0.0
enc_470,0.0,0.0
enc_469,0.0,0.0
enc_468,0.0,0.0
enc_467,0.0,0.0
enc_466,0.0,0.0
enc_475,0.0,0.0
enc_426,0.0,0.0
enc_425,0.0,0.0
enc_424,0.0,0.0
enc_423,0.0,0.0
enc_422,0.0,0.0
enc_421,0.0,0.0
enc_420,0.0,0.0
enc_419,0.0,0.0
enc_446,0.0,0.0
enc_417,0.0,0.0
enc_416,0.0,0.0
enc_415,0.0,0.0
enc_414,0.0,0.0
enc_413,0.0,0.0
enc_412,0.0,0.0
enc_411,0.0,0.0
enc_410,0.0,0.0
enc_409,0.0,0.0
enc_418,0.0,0.0
enc_445,0.0,0.0
enc_444,0.0,0.0
enc_443,0.0,0.0
enc_442,0.0,0.0
enc_441,0.0,0.0
enc_440,0.0,0.0
enc_439,0.0,0.0
enc_438,0.0,0.0
enc_427,0.0,0.0
enc_436,0.0,0.0
enc_435,0.0,0.0
enc_434,0.0,0.0
enc_433,0.0,0.0
enc_432,0.0,0.0
enc_431,0.0,0.0
enc_430,0.0,0.0
enc_429,0.0,0.0
enc_428,0.0,0.0
enc_437,0.0,0.0
enc_541,0.0,0.0
enc_540,0.0,0.0
enc_539,0.0,0.0
enc_538,0.0,0.0
enc_537,0.0,0.0
enc_536,0.0,0.0
enc_535,0.0,0.0
enc_534,0.0,0.0
enc_484,0.0,0.0
enc_532,0.0,0.0
enc_531,0.0,0.0
enc_530,0.0,0.0
enc_529,0.0,0.0
enc_528,0.0,0.0
enc_527,0.0,0.0
enc_526,0.0,0.0
enc_525,0.0,0.0
enc_524,0.0,0.0
enc_533,0.0,0.0
enc_560,0.0,0.0
enc_559,0.0,0.0
enc_558,0.0,0.0
enc_557,0.0,0.0
enc_556,0.0,0.0
enc_555,0.0,0.0
enc_554,0.0,0.0
enc_553,0.0,0.0
enc_542,0.0,0.0
enc_551,0.0,0.0
enc_550,0.0,0.0
enc_549,0.0,0.0
enc_548,0.0,0.0
enc_710,0.0,0.0
enc_546,0.0,0.0
enc_545,0.0,0.0
enc_544,0.0,0.0
enc_543,0.0,0.0
enc_552,0.0,0.0
enc_502,0.0,0.0
enc_501,0.0,0.0
enc_500,0.0,0.0
enc_499,0.0,0.0
enc_498,0.0,0.0
enc_497,0.0,0.0
enc_496,0.0,0.0
enc_495,0.0,0.0
enc_522,0.0,0.0
enc_493,0.0,0.0
enc_492,0.0,0.0
enc_491,0.0,0.0
enc_490,0.0,0.0
enc_489,0.0,0.0
enc_488,0.0,0.0
enc_487,0.0,0.0
enc_486,0.0,0.0
enc_485,0.0,0.0
enc_494,0.0,0.0
enc_521,0.0,0.0
enc_520,0.0,0.0
enc_519,0.0,0.0
enc_518,0.0,0.0
enc_517,0.0,0.0
enc_516,0.0,0.0
enc_515,0.0,0.0
enc_514,0.0,0.0
enc_503,0.0,0.0
enc_512,0.0,0.0
enc_511,0.0,0.0
enc_510,0.0,0.0
enc_509,0.0,0.0
enc_508,0.0,0.0
enc_507,0.0,0.0
enc_506,0.0,0.0
enc_505,0.0,0.0
enc_504,0.0,0.0
enc_513,0.0,0.0
enc_917,0.0,0.0
enc_916,0.0,0.0
enc_915,0.0,0.0
enc_914,0.0,0.0
enc_913,0.0,0.0
enc_912,0.0,0.0
enc_911,0.0,0.0
enc_910,0.0,0.0
enc_727,0.0,0.0
enc_908,0.0,0.0
enc_907,0.0,0.0
enc_906,0.0,0.0
enc_905,0.0,0.0
enc_904,0.0,0.0
enc_903,0.0,0.0
enc_902,0.0,0.0
enc_901,0.0,0.0
enc_909,0.0,0.0
enc_939,0.0,0.0
enc_937,0.0,0.0
enc_936,0.0,0.0
enc_935,0.0,0.0
enc_933,0.0,0.0
enc_932,0.0,0.0
enc_931,0.0,0.0
enc_930,0.0,0.0
enc_918,0.0,0.0
enc_928,0.0,0.0
enc_927,0.0,0.0
enc_926,0.0,0.0
enc_925,0.0,0.0
enc_924,0.0,0.0
enc_923,0.0,0.0
enc_922,0.0,0.0
enc_921,0.0,0.0
enc_920,0.0,0.0
enc_929,0.0,0.0
enc_880,0.0,0.0
enc_879,0.0,0.0
enc_878,0.0,0.0
enc_877,0.0,0.0
enc_876,0.0,0.0
enc_875,0.0,0.0
enc_874,0.0,0.0
enc_873,0.0,0.0
enc_900,0.0,0.0
enc_871,0.0,0.0
enc_870,0.0,0.0
enc_869,0.0,0.0
enc_868,0.0,0.0
enc_867,0.0,0.0
enc_866,0.0,0.0
enc_865,0.0,0.0
enc_864,0.0,0.0
enc_863,0.0,0.0
enc_872,0.0,0.0
enc_899,0.0,0.0
enc_898,0.0,0.0
enc_897,0.0,0.0
enc_896,0.0,0.0
enc_895,0.0,0.0
enc_894,0.0,0.0
enc_893,0.0,0.0
enc_892,0.0,0.0
enc_881,0.0,0.0
enc_890,0.0,0.0
enc_889,0.0,0.0
enc_888,0.0,0.0
enc_887,0.0,0.0
enc_886,0.0,0.0
enc_885,0.0,0.0
enc_884,0.0,0.0
enc_883,0.0,0.0
enc_882,0.0,0.0
enc_891,0.0,0.0
enc_971,0.0,0.0
enc_970,0.0,0.0
enc_969,0.0,0.0
enc_968,0.0,0.0
cigar,0.0,0.0
enc_966,0.0,0.0
enc_965,0.0,0.0
enc_964,0.0,0.0
enc_940,0.0,0.0
enc_962,0.0,0.0
enc_961,0.0,0.0
enc_960,0.0,0.0
wrkfire,0.0,0.0
wrkfarm,0.0,0.0
wrkcott,0.0,0.0
wrkcoal,0.0,0.0
wrkchem,0.0,0.0
wrkbutc,0.0,0.0
enc_963,0.0,0.0
enc_990,0.0,0.0
enc_989,0.0,0.0
enc_988,0.0,0.0
enc_987,0.0,0.0
enc_986,0.0,0.0
enc_985,0.0,0.0
enc_984,0.0,0.0
enc_983,0.0,0.0
enc_972,0.0,0.0
enc_981,0.0,0.0
enc_980,0.0,0.0
enc_979,0.0,0.0
enc_978,0.0,0.0
enc_977,0.0,0.0
enc_976,0.0,0.0
enc_975,0.0,0.0
enc_974,0.0,0.0
enc_973,0.0,0.0
enc_982,0.0,0.0
enc_958,0.0,0.0
enc_957,0.0,0.0
enc_956,0.0,0.0
enc_955,0.0,0.0
enc_954,0.0,0.0
enc_953,0.0,0.0
enc_952,0.0,0.0
enc_951,0.0,0.0
wrkbaki,0.0,0.0
enc_949,0.0,0.0
enc_948,0.0,0.0
enc_947,0.0,0.0
enc_946,0.0,0.0
enc_945,0.0,0.0
enc_944,0.0,0.0
enc_943,0.0,0.0
enc_942,0.0,0.0
enc_941,0.0,0.0
enc_950,0.0,0.0
wrkasbe,0.0,0.0
locunk,0.0,0.0
locrmsb,0.0,0.0
locrmid,0.0,0.0
locrlow,0.0,0.0
locrhil,0.0,0.0
locmed,0.0,0.0
locllow,0.0,0.0
enc_959,0.0,0.0
loccar,0.0,0.0
height,0.0,0.0
de_grade,0.0,0.0
medcomplc,0.0,0.0
invaslc,0.0,0.0
smokeyr,0.0,0.0
smokework,0.0,0.0
smokelive,0.0,0.0
smokeday,0.0,0.0
loclin,0.0,0.0
enc_766,0.0,0.0
enc_765,0.0,0.0
enc_764,0.0,0.0
enc_763,0.0,0.0
enc_762,0.0,0.0
enc_761,0.0,0.0
enc_760,0.0,0.0
enc_759,0.0,0.0
enc_862,0.0,0.0
enc_757,0.0,0.0
enc_756,0.0,0.0
enc_755,0.0,0.0
enc_754,0.0,0.0
enc_753,0.0,0.0
enc_752,0.0,0.0
enc_751,0.0,0.0
enc_750,0.0,0.0
enc_749,0.0,0.0
enc_758,0.0,0.0
enc_785,0.0,0.0
enc_784,0.0,0.0
enc_783,0.0,0.0
enc_782,0.0,0.0
enc_781,0.0,0.0
enc_780,0.0,0.0
enc_779,0.0,0.0
enc_778,0.0,0.0
enc_767,0.0,0.0
enc_776,0.0,0.0
enc_775,0.0,0.0
enc_774,0.0,0.0
enc_773,0.0,0.0
enc_772,0.0,0.0
enc_771,0.0,0.0
enc_770,0.0,0.0
enc_769,0.0,0.0
enc_768,0.0,0.0
enc_777,0.0,0.0
enc_728,0.0,0.0
enc_408,0.0,0.0
enc_726,0.0,0.0
enc_725,0.0,0.0
enc_724,0.0,0.0
enc_723,0.0,0.0
enc_722,0.0,0.0
enc_721,0.0,0.0
enc_748,0.0,0.0
enc_719,0.0,0.0
enc_718,0.0,0.0
enc_717,0.0,0.0
enc_716,0.0,0.0
enc_715,0.0,0.0
enc_714,0.0,0.0
enc_713,0.0,0.0
enc_712,0.0,0.0
enc_711,0.0,0.0
enc_720,0.0,0.0
enc_747,0.0,0.0
enc_746,0.0,0.0
enc_745,0.0,0.0
enc_744,0.0,0.0
enc_743,0.0,0.0
enc_742,0.0,0.0
enc_741,0.0,0.0
enc_740,0.0,0.0
enc_729,0.0,0.0
enc_738,0.0,0.0
enc_737,0.0,0.0
enc_736,0.0,0.0
enc_735,0.0,0.0
enc_734,0.0,0.0
enc_733,0.0,0.0
enc_732,0.0,0.0
enc_731,0.0,0.0
enc_730,0.0,0.0
enc_739,0.0,0.0
enc_842,0.0,0.0
enc_841,0.0,0.0
enc_840,0.0,0.0
enc_839,0.0,0.0
enc_838,0.0,0.0
enc_837,0.0,0.0
enc_836,0.0,0.0
enc_835,0.0,0.0
enc_786,0.0,0.0
enc_833,0.0,0.0
enc_832,0.0,0.0
enc_831,0.0,0.0
enc_830,0.0,0.0
enc_829,0.0,0.0
enc_828,0.0,0.0
enc_827,0.0,0.0
enc_826,0.0,0.0
enc_825,0.0,0.0
enc_834,0.0,0.0
enc_861,0.0,0.0
enc_860,0.0,0.0
enc_859,0.0,0.0
enc_858,0.0,0.0
enc_857,0.0,0.0
enc_856,0.0,0.0
enc_855,0.0,0.0
enc_854,0.0,0.0
enc_843,0.0,0.0
enc_852,0.0,0.0
enc_851,0.0,0.0
enc_850,0.0,0.0
enc_849,0.0,0.0
enc_848,0.0,0.0
enc_847,0.0,0.0
enc_846,0.0,0.0
enc_845,0.0,0.0
enc_844,0.0,0.0
enc_853,0.0,0.0
enc_804,0.0,0.0
enc_803,0.0,0.0
enc_802,0.0,0.0
enc_801,0.0,0.0
enc_800,0.0,0.0
enc_799,0.0,0.0
enc_798,0.0,0.0
enc_797,0.0,0.0
enc_824,0.0,0.0
enc_795,0.0,0.0
enc_794,0.0,0.0
enc_793,0.0,0.0
enc_792,0.0,0.0
enc_791,0.0,0.0
enc_790,0.0,0.0
enc_789,0.0,0.0
enc_788,0.0,0.0
enc_787,0.0,0.0
enc_796,0.0,0.0
enc_823,0.0,0.0
enc_822,0.0,0.0
enc_821,0.0,0.0
enc_820,0.0,0.0
enc_819,0.0,0.0
enc_818,0.0,0.0
enc_817,0.0,0.0
enc_816,0.0,0.0
enc_805,0.0,0.0
enc_814,0.0,0.0
enc_813,0.0,0.0
enc_812,0.0,0.0
enc_811,0.0,0.0
enc_810,0.0,0.0
enc_809,0.0,0.0
enc_808,0.0,0.0
enc_807,0.0,0.0
enc_806,0.0,0.0
enc_815,0.0,0.0
enc_2,0.0,0.0
enc_1,0.0,0.0
enc_0,0.0,0.0
rndgroup_2,0.0,0.0
rndgroup_1,0.0,0.0
race_99,0.0,0.0
race_6,0.0,0.0
race_5,0.0,0.0
enc_395,0.0,0.0
race_3,0.0,0.0
race_2,0.0,0.0
race_1,0.0,0.0
lc_topog_C38.3,0.0,0.0
lc_topog_C34.9,0.0,0.0
lc_topog_C34.8,0.0,0.0
lc_topog_C34.3,0.0,0.0
lc_topog_C34.2,0.0,0.0
lc_topog_C34.1,0.0,0.0
race_4,0.0,0.0
enc_21,0.0,0.0
enc_20,0.0,0.0
enc_19,0.0,0.0
enc_18,0.0,0.0
enc_17,0.0,0.0
enc_16,0.0,0.0
enc_15,0.0,0.0
enc_14,0.0,0.0
enc_3,0.0,0.0
enc_12,0.0,0.0
enc_11,0.0,0.0
enc_10,0.0,0.0
enc_9,0.0,0.0
enc_8,0.0,0.0
enc_7,0.0,0.0
enc_6,0.0,0.0
enc_5,0.0,0.0
enc_4,0.0,0.0
enc_13,0.0,0.0
de_type_8550.0,0.0,0.0
de_type_8260.0,0.0,0.0
de_type_8252.0,0.0,0.0
de_type_8246.0,0.0,0.0
de_type_8140.0,0.0,0.0
de_type_8071.0,0.0,0.0
de_type_8046.0,0.0,0.0
de_type_8041.0,0.0,0.0
lc_topog_C34.0,0.0,0.0
de_type_8012.0,0.0,0.0
de_type_8010.0,0.0,0.0
de_type_8000.0,0.0,0.0
treat_4,0.0,0.0
treat_3,0.0,0.0
treatnum_488,0.0,0.0
treatnum_406,0.0,0.0
treatnum_402,0.0,0.0
treatnum_401,0.0,0.0
de_type_8013.0,0.0,0.0
lc_morph_Other,0.0,0.0
lc_morph_8560,0.0,0.0
lc_morph_8550,0.0,0.0
lc_morph_8252,0.0,0.0
lc_morph_8250,0.0,0.0
lc_morph_8246,0.0,0.0
lc_morph_8140,0.0,0.0
lc_morph_8071,0.0,0.0
lc_morph_8046,0.0,0.0
de_type_8560.0,0.0,0.0
lc_morph_8041,0.0,0.0
lc_morph_8013,0.0,0.0
lc_morph_8012,0.0,0.0
lc_morph_8010,0.0,0.0
lc_morph_8000,0.0,0.0
gender_2,0.0,0.0
gender_1,0.0,0.0
de_type_Other,0.0,0.0
de_type_Missing,0.0,0.0
lc_morph_8042,0.0,0.0
enc_79,0.0,0.0
enc_78,0.0,0.0
enc_77,0.0,0.0
enc_76,0.0,0.0
enc_75,0.0,0.0
enc_74,0.0,0.0
enc_73,0.0,0.0
enc_72,0.0,0.0
enc_22,0.0,0.0
enc_70,0.0,0.0
enc_69,0.0,0.0
enc_68,0.0,0.0
enc_67,0.0,0.0
enc_66,0.0,0.0
enc_65,0.0,0.0
enc_64,0.0,0.0
enc_63,0.0,0.0
enc_62,0.0,0.0
enc_71,0.0,0.0
enc_98,0.0,0.0
enc_97,0.0,0.0
enc_96,0.0,0.0
enc_95,0.0,0.0
enc_94,0.0,0.0
enc_93,0.0,0.0
enc_92,0.0,0.0
enc_91,0.0,0.0
enc_80,0.0,0.0
enc_89,0.0,0.0
enc_88,0.0,0.0
enc_87,0.0,0.0
enc_86,0.0,0.0
enc_85,0.0,0.0
enc_84,0.0,0.0
enc_83,0.0,0.0
enc_82,0.0,0.0
enc_81,0.0,0.0
enc_90,0.0,0.0
enc_40,0.0,0.0
enc_39,0.0,0.0
enc_38,0.0,0.0
enc_37,0.0,0.0
enc_36,0.0,0.0
enc_35,0.0,0.0
enc_34,0.0,0.0
enc_33,0.0,0.0
enc_61,0.0,0.0
enc_31,0.0,0.0
enc_30,0.0,0.0
enc_29,0.0,0.0
enc_28,0.0,0.0
enc_27,0.0,0.0
enc_26,0.0,0.0
enc_25,0.0,0.0
enc_24,0.0,0.0
enc_23,0.0,0.0
enc_32,0.0,0.0
enc_60,0.0,0.0
enc_59,0.0,0.0
enc_58,0.0,0.0
enc_57,0.0,0.0
enc_56,0.0,0.0
enc_55,0.0,0.0
enc_54,0.0,0.0
enc_53,0.0,0.0
enc_52,0.0,0.0
enc_41,0.0,0.0
enc_50,0.0,0.0
enc_49,0.0,0.0
enc_48,0.0,0.0
enc_47,0.0,0.0
enc_46,0.0,0.0
enc_45,0.0,0.0
enc_44,0.0,0.0
enc_43,0.0,0.0
enc_42,0.0,0.0
enc_51,0.0,0.0
diagtube,0.0,0.0
diagsili,0.0,0.0
diagsarc,0.0,0.0
diagpneu,0.0,0.0
diaghype,0.0,0.0
diagfibr,0.0,0.0
diagemph,0.0,0.0
diagdiab,0.0,0.0
treatnum_299,0.0,0.0
diagchro,0.0,0.0
diagchas,0.0,0.0
diagbron,0.0,0.0
diagasbe,0.0,0.0
diagadas,0.0,0.0
num_confirmed,0.0,0.0
wrksand,0.0,0.0
wrkhard,0.0,0.0
wrkfoun,0.0,0.0
diagcopd,0.0,0.0
progsite_adrenal_ever,0.0,0.0
famsister,0.0,0.0
fammother,0.0,0.0
famfather,0.0,0.0
famchild,0.0,0.0
fambrother,0.0,0.0
canctran,0.0,0.0
cancthyr,0.0,0.0
cancblad,0.0,0.0
cancoral,0.0,0.0
cancnasa,0.0,0.0
canclung,0.0,0.0
canclary,0.0,0.0
canckidn,0.0,0.0
cancesop,0.0,0.0
canccolo,0.0,0.0
canccerv,0.0,0.0
cancbrea,0.0,0.0
cancstom,0.0,0.0
enc_1002,0.0,0.0
enc_1001,0.0,0.0
enc_1000,0.0,0.0
pipe,0.0,0.0
enc_998,0.0,0.0
enc_997,0.0,0.0
enc_996,0.0,0.0
enc_995,0.0,0.0
weight,0.0,0.0
enc_993,0.0,0.0
enc_992,0.0,0.0
educat,0.0,0.0
age,0.0,0.0
enc_1023,0.0,0.0
enc_991,0.0,0.0
enc_999,0.0,0.0
wrkflou,0.0,0.0
enc_967,0.0,0.0
enc_994,0.0,0.0
enc_1022,0.0,0.0
enc_1021,0.0,0.0
enc_1020,0.0,0.0
enc_1019,0.0,0.0
enc_1018,0.0,0.0
enc_1017,0.0,0.0
enc_1016,0.0,0.0
enc_1015,0.0,0.0
enc_1014,0.0,0.0
enc_1003,0.0,0.0
enc_1012,0.0,0.0
enc_1011,0.0,0.0
enc_1010,0.0,0.0
enc_1009,0.0,0.0
enc_1008,0.0,0.0
enc_1007,0.0,0.0
enc_1006,0.0,0.0
enc_1005,0.0,0.0
enc_1004,0.0,0.0
enc_1013,0.0,0.0
treatnum_103,0.0,0.0
treatnum_101,0.0,0.0
comp_code_56,0.0,0.0
comp_code_55,0.0,0.0
comp_code_54,0.0,0.0
comp_code_52,0.0,0.0
comp_code_50,0.0,0.0
comp_code_48,0.0,0.0
progsite_bone_ever,0.0,0.0
comp_code_45,0.0,0.0
comp_code_42,0.0,0.0
comp_code_41,0.0,0.0
comp_code_40,0.0,0.0
comp_code_37,0.0,0.0
comp_code_36,0.0,0.0
comp_code_35,0.0,0.0
comp_code_33,0.0,0.0
comp_code_32,0.0,0.0
comp_code_47,0.0,0.0
treatnum_288,0.0,0.0
treatnum_216,0.0,0.0
treatnum_215,0.0,0.0
treatnum_214,0.0,0.0
treatnum_213,0.0,0.0
treatnum_212,0.0,0.0
treatnum_211,0.0,0.0
treatnum_210,0.0,0.0
treatnum_104,0.0,0.0
treatnum_208,0.0,0.0
treatnum_207,0.0,0.0
treatnum_205,0.0,0.0
treatnum_204,0.0,0.0
treatnum_203,0.0,0.0
treatnum_202,0.0,0.0
treatnum_201,0.0,0.0
treatnum_199,0.0,0.0
treatnum_188,0.0,0.0
treatnum_209,0.0,0.0
path_t_7thed,0.0,0.0
path_n_7thed,0.0,0.0
path_m_7thed,0.0,0.0
lc_behav,0.0,0.0
clinical_m_7thed,0.0,0.0
work_related,0.0,0.0
bmi,0.0,0.0
family_history,0.0,0.0
comp_code_31,0.0,0.0
previous_canc,0.0,0.0
progsite_unk_ever,0.0,0.0
progsite_skin_ever,0.0,0.0
progsite_other_lung_ever,0.0,0.0
progsite_other_ever,0.0,0.0
progsite_orig_lung_ever,0.0,0.0
progsite_lymph_n3_ever,0.0,0.0
progsite_lymph_n2_ever,0.0,0.0
progsite_lymph_n1_ever,0.0,0.0
previous_diseases,0.0,0.0
comp_code_30,0.0,0.0
comp_code_29,0.0,0.0
comp_code_28,0.0,0.0
comp_code_26,0.0,0.0
comp_code_22,0.0,0.0
comp_code_21,0.0,0.0
comp_code_17,0.0,0.0
comp_code_16,0.0,0.0
comp_code_14,0.0,0.0
valcsg,0.0,0.0
comp_code_10,0.0,0.0
comp_code_9,0.0,0.0
comp_code_8,0.0,0.0
comp_code_7,0.0,0.0
comp_code_6,0.0,0.0
comp_code_3,0.0,0.0
comp_code_2,0.0,0.0
compcat,0.0,0.0
can_link,0.0,0.0
comp_code_11,0.0,0.0
enc_310,0.0,0.0
enc_309,0.0,0.0
enc_308,0.0,0.0
enc_307,0.0,0.0
enc_306,0.0,0.0
enc_305,0.0,0.0
enc_304,0.0,0.0
enc_303,0.0,0.0
enc_99,0.0,0.0
enc_301,0.0,0.0
enc_300,0.0,0.0
enc_299,0.0,0.0
enc_298,0.0,0.0
enc_297,0.0,0.0
enc_296,0.0,0.0
enc_295,0.0,0.0
enc_294,0.0,0.0
enc_293,0.0,0.0
enc_302,0.0,0.0
enc_330,0.0,0.0
enc_329,0.0,0.0
enc_328,0.0,0.0
enc_327,0.0,0.0
enc_326,0.0,0.0
enc_325,0.0,0.0
enc_324,0.0,0.0
enc_323,0.0,0.0
enc_311,0.0,0.0
enc_321,0.0,0.0
enc_320,0.0,0.0
enc_319,0.0,0.0
enc_318,0.0,0.0
enc_317,0.0,0.0
enc_316,0.0,0.0
enc_315,0.0,0.0
enc_314,0.0,0.0
enc_312,0.0,0.0
enc_322,0.0,0.0
enc_271,0.0,0.0
enc_270,0.0,0.0
enc_269,0.0,0.0
enc_268,0.0,0.0
enc_267,0.0,0.0
enc_266,0.0,0.0
enc_265,0.0,0.0
enc_264,0.0,0.0
enc_292,0.0,0.0
enc_262,0.0,0.0
enc_261,0.0,0.0
enc_260,0.0,0.0
enc_259,0.0,0.0
enc_258,0.0,0.0
enc_257,0.0,0.0
enc_256,0.0,0.0
enc_255,0.0,0.0
enc_254,0.0,0.0
enc_263,0.0,0.0
enc_291,0.0,0.0
enc_290,0.0,0.0
enc_289,0.0,0.0
enc_288,0.0,0.0
enc_287,0.0,0.0
enc_286,0.0,0.0
enc_285,0.0,0.0
enc_284,0.0,0.0
enc_283,0.0,0.0
enc_272,0.0,0.0
enc_281,0.0,0.0
enc_280,0.0,0.0
enc_279,0.0,0.0
enc_278,0.0,0.0
enc_277,0.0,0.0
enc_276,0.0,0.0
enc_275,0.0,0.0
enc_274,0.0,0.0
enc_273,0.0,0.0
enc_282,0.0,0.0
enc_388,0.0,0.0
enc_387,0.0,0.0
enc_386,0.0,0.0
enc_385,0.0,0.0
enc_384,0.0,0.0
enc_383,0.0,0.0
enc_382,0.0,0.0
enc_381,0.0,0.0
enc_331,0.0,0.0
enc_379,0.0,0.0
enc_378,0.0,0.0
enc_377,0.0,0.0
enc_376,0.0,0.0
enc_375,0.0,0.0
enc_374,0.0,0.0
enc_373,0.0,0.0
enc_372,0.0,0.0
enc_371,0.0,0.0
enc_380,0.0,0.0
enc_407,0.0,0.0
enc_406,0.0,0.0
enc_405,0.0,0.0
enc_404,0.0,0.0
enc_403,0.0,0.0
enc_402,0.0,0.0
enc_401,0.0,0.0
enc_400,0.0,0.0
enc_389,0.0,0.0
enc_398,0.0,0.0
enc_397,0.0,0.0
enc_396,0.0,0.0
pkyr,0.0,0.0
enc_394,0.0,0.0
enc_393,0.0,0.0
enc_392,0.0,0.0
enc_391,0.0,0.0
enc_390,0.0,0.0
enc_399,0.0,0.0
enc_349,0.0,0.0
enc_348,0.0,0.0
enc_347,0.0,0.0
enc_346,0.0,0.0
enc_345,0.0,0.0
enc_344,0.0,0.0
enc_343,0.0,0.0
enc_342,0.0,0.0
enc_370,0.0,0.0
enc_340,0.0,0.0
enc_339,0.0,0.0
enc_338,0.0,0.0
enc_337,0.0,0.0
enc_336,0.0,0.0
enc_335,0.0,0.0
enc_334,0.0,0.0
enc_333,0.0,0.0
enc_332,0.0,0.0
enc_341,0.0,0.0
enc_369,0.0,0.0
enc_368,0.0,0.0
enc_367,0.0,0.0
enc_366,0.0,0.0
enc_365,0.0,0.0
enc_364,0.0,0.0
enc_363,0.0,0.0
enc_362,0.0,0.0
enc_361,0.0,0.0
enc_350,0.0,0.0
enc_359,0.0,0.0
enc_358,0.0,0.0
enc_357,0.0,0.0
enc_356,0.0,0.0
enc_355,0.0,0.0
enc_354,0.0,0.0
enc_353,0.0,0.0
enc_352,0.0,0.0
enc_351,0.0,0.0
enc_360,0.0,0.0
enc_156,0.0,0.0
enc_155,0.0,0.0
enc_154,0.0,0.0
enc_153,0.0,0.0
enc_152,0.0,0.0
enc_151,0.0,0.0
enc_150,0.0,0.0
enc_149,0.0,0.0
enc_253,0.0,0.0
enc_147,0.0,0.0
enc_146,0.0,0.0
enc_145,0.0,0.0
enc_144,0.0,0.0
enc_143,0.0,0.0
enc_142,0.0,0.0
enc_141,0.0,0.0
enc_140,0.0,0.0
enc_139,0.0,0.0
enc_148,0.0,0.0
enc_175,0.0,0.0
enc_174,0.0,0.0
enc_173,0.0,0.0
enc_172,0.0,0.0
enc_171,0.0,0.0
enc_170,0.0,0.0
enc_169,0.0,0.0
enc_168,0.0,0.0
enc_157,0.0,0.0
enc_166,0.0,0.0
enc_165,0.0,0.0
enc_164,0.0,0.0
enc_163,0.0,0.0
enc_162,0.0,0.0
enc_161,0.0,0.0
enc_160,0.0,0.0
enc_159,0.0,0.0
enc_158,0.0,0.0
enc_167,0.0,0.0
enc_117,0.0,0.0
enc_116,0.0,0.0
enc_115,0.0,0.0
enc_114,0.0,0.0
enc_113,0.0,0.0
enc_112,0.0,0.0
enc_111,0.0,0.0
enc_110,0.0,0.0
enc_138,0.0,0.0
enc_108,0.0,0.0
enc_107,0.0,0.0
enc_106,0.0,0.0
enc_105,0.0,0.0
enc_104,0.0,0.0
enc_103,0.0,0.0
enc_102,0.0,0.0
enc_101,0.0,0.0
enc_100,0.0,0.0
enc_109,0.0,0.0
enc_137,0.0,0.0
enc_136,0.0,0.0
enc_135,0.0,0.0
enc_134,0.0,0.0
enc_133,0.0,0.0
enc_132,0.0,0.0
enc_131,0.0,0.0
enc_130,0.0,0.0
enc_129,0.0,0.0
enc_118,0.0,0.0
enc_127,0.0,0.0
enc_126,0.0,0.0
enc_125,0.0,0.0
enc_124,0.0,0.0
enc_123,0.0,0.0
enc_122,0.0,0.0
enc_121,0.0,0.0
enc_120,0.0,0.0
enc_119,0.0,0.0
enc_128,0.0,0.0
enc_233,0.0,0.0
enc_232,0.0,0.0
enc_231,0.0,0.0
enc_230,0.0,0.0
enc_229,0.0,0.0
enc_228,0.0,0.0
enc_227,0.0,0.0
enc_226,0.0,0.0
enc_176,0.0,0.0
enc_224,0.0,0.0
enc_223,0.0,0.0
enc_222,0.0,0.0
enc_221,0.0,0.0
enc_220,0.0,0.0
enc_219,0.0,0.0
enc_218,0.0,0.0
enc_217,0.0,0.0
enc_216,0.0,0.0
enc_225,0.0,0.0
enc_252,0.0,0.0
enc_251,0.0,0.0
enc_250,0.0,0.0
enc_249,0.0,0.0
enc_248,0.0,0.0
enc_247,0.0,0.0
enc_246,0.0,0.0
enc_245,0.0,0.0
enc_234,0.0,0.0
enc_243,0.0,0.0
enc_242,0.0,0.0
enc_241,0.0,0.0
enc_240,0.0,0.0
enc_239,0.0,0.0
enc_238,0.0,0.0
enc_237,0.0,0.0
enc_236,0.0,0.0
enc_235,0.0,0.0
enc_244,0.0,0.0
enc_194,0.0,0.0
enc_193,0.0,0.0
enc_192,0.0,0.0
enc_191,0.0,0.0
enc_190,0.0,0.0
enc_189,0.0,0.0
enc_188,0.0,0.0
enc_187,0.0,0.0
enc_215,0.0,0.0
enc_185,0.0,0.0
enc_184,0.0,0.0
enc_183,0.0,0.0
enc_182,0.0,0.0
enc_181,0.0,0.0
enc_180,0.0,0.0
enc_179,0.0,0.0
enc_178,0.0,0.0
enc_177,0.0,0.0
enc_186,0.0,0.0
enc_214,0.0,0.0
enc_213,0.0,0.0
enc_212,0.0,0.0
enc_211,0.0,0.0
enc_210,0.0,0.0
enc_209,0.0,0.0
enc_208,0.0,0.0
enc_207,0.0,0.0
enc_206,0.0,0.0
enc_195,0.0,0.0
enc_204,0.0,0.0
enc_203,0.0,0.0
enc_202,0.0,0.0
enc_201,0.0,0.0
enc_200,0.0,0.0
enc_199,0.0,0.0
enc_198,0.0,0.0
enc_197,0.0,0.0
enc_196,0.0,0.0
enc_205,0.0,0.0
